# catalogVersion;syncItemKey;pk;resort;resortMapPDF
Output Catalog:Online;Assets_Identifier_00015_002;8796491890306;8796163735553;8816408920094
Output Catalog:Online;Assets_Identifier_00018_002;8796496445058;8796163801089;8816412360734
Output Catalog:Online;Assets_Identifier_00047_001;8796509716098;8796163997697;
Output Catalog:Online;Assets_Identifier_00038_002;8796513713794;8796164063233;8816425467934
Output Catalog:Online;Assets_Identifier_00038_004;8796513746562;8796164063233;8816425467934
Output Catalog:Online;Assets_Identifier_00038_001;8796513779330;8796164063233;8816425467934
Output Catalog:Online;Assets_Identifier_00014_002;8796517252738;8796164096001;8816428384286
Output Catalog:Online;Assets_Identifier_00014_001;8796517285506;8796164096001;8816428384286
Output Catalog:Online;Assets_Identifier_00019_002;8796520857218;8796164161537;8816430841886
Output Catalog:Online;Assets_Identifier_00035_001;8796452732546;8796163112961;8816378544158
Output Catalog:Online;Assets_Identifier_00022_001;8796506340994;8796163964929;8816419995678
Output Catalog:Online;Assets_Identifier_00037_001;8796535144066;8796164390913;8816441294878
Output Catalog:Online;Assets_Identifier_00054_001;8796541468290;8796164521985;8816446144542
Output Catalog:Online;Assets_Identifier_00033_002;8796450602626;8796163080193;8816377135134
Output Catalog:Online;Assets_Identifier_00045_001;8796455321218;8796163145729;
Output Catalog:Online;Assets_Identifier_00042_001;8796429827714;8796162752513;8816361209886
Output Catalog:Online;Assets_Identifier_00002_001;8796459220610;8796163276801;8816383754270
Output Catalog:Online;Assets_Identifier_00006_001;8796467019394;8796163407873;8816389488670
Output Catalog:Online;Assets_Identifier_00009_002;8796472524418;8796163473409;8816393879582
Output Catalog:Online;Assets_Identifier_00011_001;8796474523266;8796163506177;8816395419678
Output Catalog:Online;Assets_Identifier_00021_001;8796501098114;8796163866625;8816416063518
Output Catalog:Online;Assets_Identifier_00015_001;8796491923074;8796163735553;8816408920094
Output Catalog:Online;Assets_Identifier_00050_001;8796510797442;8796164030465;8816423010334
Output Catalog:Online;Assets_Identifier_00019_001;8796520889986;8796164161537;8816430841886
Output Catalog:Online;Assets_Identifier_00024_001;8796526198402;8796164259841;8816434413598
Output Catalog:Online;Assets_Identifier_00023_001;8796421963394;8796162621441;8918779297822
Output Catalog:Online;Assets_Identifier_00048_002;8796444507778;8796162981889;
Output Catalog:Online;Assets_Identifier_00048_003;8796444573314;8796162981889;
Output Catalog:Online;Assets_Identifier_00045_002;8796455255682;8796163145729;
Output Catalog:Online;Assets_Identifier_00002_002;8796459187842;8796163276801;8816383754270
Output Catalog:Online;au-resortAssets-001;8796849290882;8796322496513;8913922228254
Output Catalog:Online;Assets_Identifier_00051_002;8796456500866;8796163178497;8816381624350
Output Catalog:Online;Assets_Identifier_00005_002;8796465118850;8796163375105;
Output Catalog:Online;Assets_Identifier_00010_002;8796485271170;8796163637249;8816403546142
Output Catalog:Online;Assets_Identifier_00016_001;8796519120514;8796164128769;8816429629470
Output Catalog:Online;Assets_Identifier_00046_002;8796537011842;8796164423681;
Output Catalog:Online;Assets_Identifier_00046_001;8796537044610;8796164423681;
Output Catalog:Online;Assets_Identifier_00043_002;8796548480642;8796164653057;8816451387422
Output Catalog:Online;Assets_Identifier_00022_002;8796506308226;8796163964929;8816419995678
Output Catalog:Online;Assets_Identifier_00026_002;8796524494466;8796164227073;8816433266718
Output Catalog:Online;Assets_Identifier_00020_001;8796436545154;8796162850817;8816366256158
Output Catalog:Online;Assets_Identifier_00045_003;8796455288450;8796163145729;
Output Catalog:Online;Assets_Identifier_00013_001;8796489760386;8796163702785;8816407347230
Output Catalog:Online;Assets_Identifier_00039_002;8796425535106;8796162686977;8816358162462
Output Catalog:Online;Assets_Identifier_00001_002;8796463644290;8796163342337;8816386834462
Output Catalog:Online;Assets_Identifier_00050_002;8796510764674;8796164030465;8816423010334
Output Catalog:Online;Assets_Identifier_00034_002;8796530982530;8796164325377;8816438214686
Output Catalog:Online;Assets_Identifier_00052_002;8796539207298;8796164489217;8816444276766
Output Catalog:Online;Assets_Identifier_00052_001;8796539240066;8796164489217;8816444276766
Output Catalog:Online;Assets_Identifier_00043_001;8796548447874;8796164653057;8816451387422
Output Catalog:Online;NY-ResortAssets-001;8796619521666;8796164915201;
Output Catalog:Online;Assets_Identifier_00025_002;8796438969986;8796162916353;8816368025630
Output Catalog:Online;Assets_Identifier_00031_001;8796528426626;8796164292609;8816436183070
Output Catalog:Online;Assets_Identifier_00054_002;8796541501058;8796164521985;8816446144542
Output Catalog:Online;Assets_Identifier_00041_001;8796546809474;8796164620289;8816450207774
Output Catalog:Online;Assets_Identifier_00023_002;8796421996162;8796162621441;8816355639326
Output Catalog:Online;Assets_Identifier_00033_001;8796450635394;8796163080193;8816377135134
Output Catalog:Online;Assets_Identifier_00004_001;8796481109634;8796163571713;8816400728094
Output Catalog:Online;Assets_Identifier_00017_001;8796493921922;8796163768321;8816410460190
Output Catalog:Online;Assets_Identifier_00017_002;8796493954690;8796163768321;8816410460190
Output Catalog:Online;SO-ResortAssets-001;8796720021122;8796191621121;
Output Catalog:Online;PA-resortAsset-001;8797311221378;8796551938049;
Output Catalog:Online;Assets_Identifier_00040_003;8796427763330;8796162719745;8816359800862
Output Catalog:Online;Assets_Identifier_00028_001;8796448800386;8796163047425;8816375758878
Output Catalog:Online;Assets_Identifier_00001_001;8796463677058;8796163342337;8816386834462
Output Catalog:Online;Assets_Identifier_00005_001;8796465151618;8796163375105;8816387948574
Output Catalog:Online;Assets_Identifier_00047_002;8796509683330;8796163997697;
Output Catalog:Online;Assets_Identifier_00027_002;8796522659458;8796164194305;8816432087070
Output Catalog:Online;Assets_Identifier_00044_001;8796538125954;8796164456449;
Output Catalog:Online;Assets_Identifier_00053_002;8796431400578;8796162785281;8816362291230
Output Catalog:Online;Assets_Identifier_00056_001;8796433235586;8796162818049;8816363503646
Output Catalog:Online;Assets_Identifier_00041_002;8796546776706;8796164620289;8816450207774
Output Catalog:Online;Assets_Identifier_00042_002;8796429794946;8796162752513;8816361209886
Output Catalog:Online;Assets_Identifier_00007_002;8796469149314;8796163440641;8816391127070
Output Catalog:Online;Assets_Identifier_00009_001;8796472491650;8796163473409;
Output Catalog:Online;Assets_Identifier_00057_004;8796477800066;8796163538945;8816397877278
Output Catalog:Online;Assets_Identifier_00012_002;8796487171714;8796163670017;8816405184542
Output Catalog:Online;SD-ResortAsset-001;8796725657218;8796256960513;
Output Catalog:Online;BK-resortAsset-001;8797312466562;8796551970817;
Output Catalog:Online;Assets_Identifier_00039_001;8796425567874;8796162686977;8816358162462
Output Catalog:Online;Assets_Identifier_00040_002;8796427730562;8796162719745;8816359800862
Output Catalog:Online;Assets_Identifier_00028_002;8796448767618;8796163047425;8816375758878
Output Catalog:Online;Assets_Identifier_00051_001;8796456533634;8796163178497;8816381624350
Output Catalog:Online;Assets_Identifier_00018_001;8796496477826;8796163801089;8816412360734
Output Catalog:Online;Assets_Identifier_00032_001;8796498050690;8796163833857;8816413474846
Output Catalog:Online;Assets_Identifier_00047_003;8796509650562;8796163997697;
Output Catalog:Online;Assets_Identifier_00038_003;8796513681026;8796164063233;8816425467934
Output Catalog:Online;Assets_Identifier_00016_002;8796519153282;8796164128769;8816429629470
Output Catalog:Online;Assets_Identifier_00036_002;8796533046914;8796164358145;8816439590942
Output Catalog:Online;Assets_Identifier_00055_002;8796543860354;8796164554753;8816447848478
Output Catalog:Online;Assets_Identifier_00025_001;8796439002754;8796162916353;8816368025630
Output Catalog:Online;Assets_Identifier_00049_001;8796445818498;8796163014657;8816373628958
Output Catalog:Online;Assets_Identifier_00006_002;8796467052162;8796163407873;8816389488670
Output Catalog:Online;Assets_Identifier_00008_003;8796482813570;8796163604481;8816401842206
Output Catalog:Online;Assets_Identifier_00029_002;8796423863938;8796162654209;8816357113886
Output Catalog:Online;Assets_Identifier_00003_002;8796461088386;8796163309569;8816384966686
Output Catalog:Online;Assets_Identifier_00032_002;8796498017922;8796163833857;8816413474846
Output Catalog:Online;Assets_Identifier_00044_002;8796538158722;8796164456449;
Output Catalog:Online;Assets_Identifier_00055_001;8796543827586;8796164554753;8816447848478
Output Catalog:Online;Assets_Identifier_00035_002;8796452699778;8796163112961;8816378544158
Output Catalog:Online;Assets_Identifier_00024_002;8796526165634;8796164259841;8816434413598
Output Catalog:Online;Assets_Identifier_00020_002;8796436512386;8796162850817;8816366256158
Output Catalog:Online;Assets_Identifier_00048_001;8796444540546;8796162981889;
Output Catalog:Online;Assets_Identifier_00008_001;8796482846338;8796163604481;8816401842206
Output Catalog:Online;Assets_Identifier_00029_001;8796423896706;8796162654209;8816357113886
Output Catalog:Online;Assets_Identifier_00040_001;8796427796098;8796162719745;8816359800862
Output Catalog:Online;Assets_Identifier_00003_001;8796461055618;8796163309569;8816384966686
Output Catalog:Online;Assets_Identifier_00010_001;8796485303938;8796163637249;8816403546142
Output Catalog:Online;Assets_Identifier_00027_001;8796522626690;8796164194305;8816432087070
Output Catalog:Online;Assets_Identifier_00034_001;8796531015298;8796164325377;8816438214686
Output Catalog:Online;Assets_Identifier_00036_001;8796533079682;8796164358145;8816439590942
Output Catalog:Online;Assets_Identifier_00053_001;8796431433346;8796162785281;8816362291230
Output Catalog:Online;Assets_Identifier_00030_001;8796442541698;8796162949121;8816370843678
Output Catalog:Online;Assets_Identifier_00058_001;8796504440450;8796163932161;
Output Catalog:Online;Assets_Identifier_00026_001;8796524527234;8796164227073;8816433266718
Output Catalog:Online;Assets_Identifier_00037_002;8796535176834;8796164390913;8816441294878
Output Catalog:Online;Assets_Identifier_00049_002;8796445851266;8796163014657;8816373628958
Output Catalog:Online;Assets_Identifier_00007_001;8796469182082;8796163440641;8816391127070
Output Catalog:Online;Assets_Identifier_00011_002;8796474556034;8796163506177;8816395419678
Output Catalog:Online;Assets_Identifier_00057_003;8796477734530;8796163538945;8816397877278
Output Catalog:Online;Assets_Identifier_00057_002;8796477767298;8796163538945;8816397877278
Output Catalog:Online;Assets_Identifier_00057_001;8796477832834;8796163538945;8816397877278
Output Catalog:Online;Assets_Identifier_00008_002;8796482879106;8796163604481;8816401842206
Output Catalog:Online;Assets_Identifier_00012_001;8796487138946;8796163670017;8816405184542
Output Catalog:Online;Assets_Identifier_00013_002;8796489793154;8796163702785;8816407347230
Output Catalog:Online;wk-resortAsset-001;8797012541058;8796355264513;
Output Catalog:Online;Resort_TD_Assets_001;8797765484162;8796781248513;
